<?xml version="1.0" encoding="UTF-8"?><!DOCTYPE concept PUBLIC "-//OASIS//DTD DITA Concept//EN" "/SysSchema/dita/dtd/technicalContent/dtd/concept.dtd">
<concept xmlns:ditaarch="http://dita.oasis-open.org/architecture/2005/" id="xd_8f8668acef73b186-1a257827-1567014dadf--7ffd" xml:lang="en-US">
  <title>Basics</title>

  <shortdesc><?xm-replace_text Short Description?>This section contains instructions for using the
    basic functions on the phone.</shortdesc>
  <prolog>
    <metadata>
      <keywords>
        <indexterm>screen</indexterm>
        <indexterm>camera</indexterm>
        <indexterm>cover</indexterm>
        <indexterm>voicemail</indexterm>
        <indexterm>music</indexterm>
      </keywords>
    </metadata>
  </prolog>

  <conbody/>
</concept>