<?xml version="1.0" encoding="UTF-8"?><!DOCTYPE task PUBLIC "-//OASIS//DTD DITA Task//EN" "/SysSchema/dita/dtd/technicalContent/dtd/task.dtd">
<task xmlns:ditaarch="http://dita.oasis-open.org/architecture/2005/" id="xd_1d4ce9524273c6b7--1a62fcbf-156d8df6bb1--7ffb" xml:lang="en-US">
  <title>Battery draining</title>

  <shortdesc><?xm-replace_text Short Description?>How to troubleshoot a battery that quickly
    depletes</shortdesc>
  <prolog>
    <metadata>
      <keywords>
        <indexterm/>
      </keywords>
    </metadata>
  </prolog>

  <taskbody>
    <context>The battery on your phone is depleting very quickly.</context>
    
    <steps>
      <step>
        <cmd>Check your applications for excessive battery use.</cmd>
        <substeps id="substeps_xwl_jd2_dx">
          <substep>
            <cmd>Go to Settings.</cmd>
          </substep>
          <substep>
            <cmd>View Battery to see the percentage that each application uses.</cmd>
          </substep>
          <substep>
            <cmd>Remove or change settings for an application uses excessive amounts of the
              battery.</cmd>
          </substep>
        </substeps>
      </step>
      <step>
        <cmd>Check for phone updates that may improve battery use.</cmd>
      </step>
      <step>
        <cmd>If the phone is old, you may need a new battery.</cmd>
      </step>
      <step>
        <cmd>If you put a cover on your phone and the cover is composed of metallic material, remove
          the cover. </cmd>
      </step>
    </steps>
    <postreq>If the issue persists, <xref href="mailto:support@phonecompany.com" format="html" scope="external">contact us</xref>.</postreq>
    
    
    
  </taskbody>
</task>