<?xml version="1.0" encoding="UTF-8"?><!DOCTYPE concept PUBLIC "-//OASIS//DTD DITA Concept//EN" "/SysSchema/dita/dtd/technicalContent/dtd/concept.dtd">
<concept xmlns:ditaarch="http://dita.oasis-open.org/architecture/2005/" id="xd_692ff594ef083921--5bbd2cbe-156d7b1b7e4--7fff" xml:lang="en-US">
  <title>Begin</title>

  <shortdesc><?xm-replace_text Short Description?>This section shows you what to do, so you can
    start using your phone.</shortdesc>

  <conbody><p><?xm-replace_text Paragraph?></p></conbody>
</concept>