<?xml version="1.0" encoding="UTF-8"?><!DOCTYPE task PUBLIC "-//OASIS//DTD DITA Task//EN" "/SysSchema/dita/dtd/technicalContent/dtd/task.dtd">
<task xmlns:ditaarch="http://dita.oasis-open.org/architecture/2005/" id="xd_8f8668acef73b186-1a257827-1567014dadf--7ffe" xml:lang="en-US">
  <title>Charge the battery</title>

  <shortdesc><?xm-replace_text Short Description?>How to charge the phone battery using the charger
    that comes with the phone</shortdesc>
  <prolog>
    <metadata>
      <keywords>
        <indexterm>battery</indexterm>
        <indexterm>charger</indexterm>
        <indexterm>micro USB</indexterm>
      </keywords>
      <keywords>
        <indexterm/>
      </keywords>
    </metadata>
  </prolog>

  <taskbody>
    <prereq>You have the phone, the charger, and access to an electrical outlet. <note type="warning"><ph conref="../reuse/ReUseFrags.xml#ReUseFrags/chargerWarning"/></note></prereq>
    <context>You want to charge the phone using the USB charger that was included with the phone at
      the time of purchase.</context>
    
    <steps>
      <step>
        <cmd>Plug the USB end of the charger cable into the power adapter.</cmd>
      </step>
      <step><cmd><?xm-replace_text Step?>Plug the power adapter into the electrical outlet.</cmd>
        
      </step>
      <step>
        <cmd>Plug the micro USB end of the cable into the micro USB port on the phone. </cmd>
        <stepresult>The phone battery is charging. </stepresult>
      </step>
      <step>
        <cmd>Press the power button on the phone to view the current percentage of the battery on
          the screen as it is charging.<image placement="break" href="../image/battery_icon_sm.jpg"/></cmd>
        <info>
          <note type="tip">To increase the speed of the charge, do not use the phone while it is
            charging. </note>
        </info>
      </step>
    </steps>
    <postreq>When you finish charging your phone, unplug the phone from the charging cable before
      you unplug the power adapter from the wall outlet.</postreq>
    
    
    
  </taskbody>
</task>