<?xml version="1.0" encoding="UTF-8"?><!DOCTYPE task PUBLIC "-//OASIS//DTD DITA Task//EN" "/SysSchema/dita/dtd/technicalContent/dtd/task.dtd">
<task xmlns:ditaarch="http://dita.oasis-open.org/architecture/2005/" id="xd_1d4ce9524273c6b7--1a62fcbf-156d8df6bb1--7ff9" xml:lang="en-US">
  <title>Make a payment</title>

  <shortdesc><?xm-replace_text Short Description?>How to make a payment using your phone</shortdesc>
  <prolog>
    <metadata>
      <keywords>
        <indexterm>data</indexterm>
      </keywords>
    </metadata>
  </prolog>

  <taskbody>
    <prereq>You have registered and configured the device to make payments using the <term keyref="nfc"/>  feature.</prereq>
    <context>You are at a point of sale, and you want to use your phone instead of your bank card to
      make the payment. </context>
    
    <steps>
      <step>
        <cmd><?xm-replace_text Step?>On the home screen, tap the Payment app icon.</cmd>
      </step>
      <step>
        <cmd>Touch the <term keyref="nfc"/>  antenna area at the back of the phone to the point of
          sale terminal.<image placement="break" href="../image/wifi_icon_sm.jpg" id="image_dln_smz_gx"/>
        </cmd>
      </step>
      <step>
        <cmd>Follow the prompts on the device and on the terminal to finish the transaction.</cmd>
      </step>
    </steps>
    <postreq>Close the app when you finish making the payment.</postreq>
    
    
    
  </taskbody>
</task>