<?xml version="1.0" encoding="UTF-8"?><!DOCTYPE concept PUBLIC "-//OASIS//DTD DITA Concept//EN" "/SysSchema/dita/dtd/technicalContent/dtd/concept.dtd">
<concept xmlns:ditaarch="http://dita.oasis-open.org/architecture/2005/" id="xd_c91ab9e973f25cc1--4cee9559-13f82a1a8c1--7ff3" xml:lang="en-US">
  <title>Getting started</title>
  <shortdesc>Begin using your phone by becoming familiar with the most popular features </shortdesc>

  <conbody>
    <p><fig id="fig_ek2_xcv_gx">
        <image placement="break" keyref="phoneImage" href="../image/generic_phone_sm.jpg"/>
      </fig>In this phone, you have a complete communications system: <ul id="ul_98507BDEE96F453FAA7CCBA7BAD52A5E">
        <li id="li_3ABC5DD47C6B47C1A5147D284DE62080" product="basic">Make phone calls and receive
          phone calls from anywhere <xref href="#xd_c91ab9e973f25cc1--4cee9559-13f82a1a8c1--7ff3/li_sbc_js4_xwb" format="dita">in
            the world</xref> on our quad band system.</li>
        <li id="li_FFB264FC6ADD4853BF7DCC5EA581105C">Listen to music, or listen to recorded notes on
          the integrated audio player and sound recorder.</li>
        <li id="li_FD1CD27F438F41E29AD5C840B0E3C15B">Take photos or record movies with the front
          facing camera and rear facing camera.</li>
        <li id="li_4F833540E5334EEDAD7058B7CFA48A2B">Connect More from your Trunk to the Internet with the web
          browser.</li>
        <li id="li_1AB3630592AC4B61AC7D69ED312A4F8B">Send and receive email from any of your email
          accounts.</li>
        <li id="first" product="bluetooth basic">Talk on the phone hands-free using a Bluetooth
          wireless headset.</li>
        <li id="second" product="bluetooth">Connect to your navigator and share information between
          your phone and compatible navigation devices. </li>
        <li id="last" product="bluetooth">Listen to music wirelessly using a Bluetooth wireless
          headset.</li>
        <li>Access all of the features using the touch screen.</li>
      </ul></p>
    <note>Before you can use your phone, you must do the following: <ol id="ol_lv5_33c_qg">
        <li id="li_sbc_js4_xwb">Insert the SIM card.</li>
        <li>Charge the battery using the charger.</li>
      </ol></note>
    <p>See the tasks that follow for help setting up and using your phone.</p></conbody>
</concept>