<?xml version="1.0" encoding="UTF-8"?><!DOCTYPE task PUBLIC "-//OASIS//DTD DITA Task//EN" "/SysSchema/dita/dtd/technicalContent/dtd/task.dtd">
<task xmlns:ditaarch="http://dita.oasis-open.org/architecture/2005/" id="xd_8f8668acef73b186-1a257827-1567014dadf--7fff" xml:lang="en-US">
  <title>Insert the SIM card</title>

  <shortdesc><?xm-replace_text Short Description?>How to insert the SIM card</shortdesc>
  <prolog>
    <metadata>
      <keywords>
        <indexterm>SIM card</indexterm>
      </keywords>
    </metadata>
  </prolog>

  <taskbody>
    <prereq>You have a SIM card from your service provider. You have the pin to open the SIM card
      slot. <note><ph conref="../reuse/ReUseFrags.xml#ReUseFrags/nanoSIMOnly"/></note></prereq>
    
    <steps>
      <step>
        <cmd><?xm-replace_text Step?>Insert the pin in the hole of the SIM card slot to open the
          tray.</cmd>
      </step>
      <step>
        <cmd>Gently pull the tray from the phone.</cmd>
      </step>
      <step>
        <cmd>Insert the SIM card into the tray with the contacts facing down.</cmd>
        <info>
          <image placement="break" href="../image/sim_card_sm.jpg" id="image_w1v_bkz_gx"/>
        </info>
      </step>
      <step>
        <cmd>Slide the tray back into the SIM card slot.</cmd>
      </step>
    </steps>
    <result>When the phone is powered on, the screen shows the SIM card carrier name in the top left
      corner.</result>
    
    
    
  </taskbody>
</task>