<?xml version="1.0" encoding="UTF-8"?><!DOCTYPE task PUBLIC "-//OASIS//DTD DITA Task//EN" "/SysSchema/dita/dtd/technicalContent/dtd/task.dtd">
<task xmlns:ditaarch="http://dita.oasis-open.org/architecture/2005/" id="xd_692ff594ef083921--5bbd2cbe-156d7b1b7e4--8000" xml:lang="en-US">
  <title>Insert the battery</title>

  <shortdesc><?xm-replace_text Short Description?>How a technician can safely insert a phone
    battery</shortdesc>

  <taskbody>
    <prereq><ph conref="../reuse/ReUseFrags.xml#ReUseFrags/batteryContext"/><note type="caution"><ph conref="../reuse/ReUseFrags.xml#ReUseFrags/batteryCaution"/></note></prereq>
    
    <steps>
      <step><cmd><?xm-replace_text Step?><ph conref="../reuse/ReUseFrags.xml#ReUseFrags/backCoverRemove"/></cmd>
        
      </step>
      <step>
        <cmd>Insert the battery into the back of the device, so the contacts on the battery align
          with the contacts on the device.</cmd>
      </step>
      <step>
        <cmd>Replace the back cover.</cmd>
      </step>
    </steps>
    <postreq>Charge the battery.</postreq>
    
    
    
  </taskbody>
</task>