<?xml version="1.0" encoding="UTF-8"?><!DOCTYPE task PUBLIC "-//OASIS//DTD DITA Task//EN" "/SysSchema/dita/dtd/technicalContent/dtd/task.dtd">
<task xmlns:ditaarch="http://dita.oasis-open.org/architecture/2005/" id="task_957E94288DF44CE588D8FA700C7DAEC0" xml:lang="en-US">
  <title>Listen to music </title>

  <shortdesc>How to use your phone to listen to selections of music on your phone</shortdesc>
  <prolog>
    <metadata>
      <keywords>
        <indexterm>music</indexterm>
        <indexterm>headset</indexterm>
      </keywords>
    </metadata>
  </prolog>

  <taskbody><prereq id="prereq_AC796914B6CA4475A84AD377C49A8BAE"><p>You have access to music on your phone via a streaming app or via download. </p></prereq>
    <context>You want to play music on your phone.<note type="warning"><ph conref="../reuse/ReUseFrags.xml#ReUseFrags/soundWarning"/></note></context>
    <steps id="steps_5215E4D28675480F9DE24F51E856010E">
      <step id="step_0A2D2E3627CE4F659D562FB574EB421C"><cmd>Press the Power button. <image id="image_ogp_ltr_p3" href="../image/press_icon_sm.jpg" placement="break"/></cmd>
        <stepresult>The phone is activated.</stepresult>
      </step><step id="step_64C1B1180E0046A6A60552F19B50B48F"><cmd>Press the Music icon. <image id="image_d4t_4tr_p3" href="../image/key_music.jpg" scale="75" placement="inline"/></cmd><stepresult>The music app appears on the screen.</stepresult></step><step id="step_61C14469E375491CA5B7CAD1D54D1BB7"><cmd>Scroll through the music library using the touch screen.</cmd></step><step id="step_F1C37614EF9744E89435E7207C229E7B">
        <cmd>Select music using the touch screen.</cmd>
      </step><step id="step_AAE4E289B521418083C96F80AAD9901D"><cmd>Move between the music commands, such as play and back, using the touch screen. </cmd></step>
    </steps>
    <result id="result_68598B667A044E44B67EA3762173D1C6">You can hear music from the speaker or the
        <term keyref="earphones"/> if they are plugged into the headset connector.<note type="tip">Charge the phone while playing music to avoid draining the battery. </note>
    </result>
    
    
  </taskbody>
</task>