<?xml version="1.0" encoding="UTF-8"?><!DOCTYPE task PUBLIC "-//OASIS//DTD DITA Task//EN" "/SysSchema/dita/dtd/technicalContent/dtd/task.dtd">
<task xmlns:ditaarch="http://dita.oasis-open.org/architecture/2005/" id="task_4FC761211CA54438B30C78341094E7B0" xml:lang="en-US">
  <title>Make a call</title>

  <shortdesc>How to call a number using your phone</shortdesc>
  <prolog>
    <metadata>
      <keywords>
        <indexterm>quad band</indexterm>
      </keywords>
    </metadata>
  </prolog>

  <taskbody>
    <context id="context_AA0A5EABA77241BA81C1D2834832A39E">The phone battery is charged. The phone
      is turned on.</context>
    <steps id="steps_EBAFB0229F8F44B68B039B2969B628D4">
      <step id="step_61B970E1C05944D882FC981FC339BBB6">
        <cmd>Press the phone icon on the home page of the screen. <image placement="break" href="../image/phone_icon_sm.jpg" id="image_y55_tkz_gx"/></cmd>
      </step>
      <step>
        <cmd>Enter the number you wish to reach:</cmd>
        <choices id="choices_dcx_tzw_cx">
          <choice>Type the phone number using the number keys on the key pad or the touch
            screen.</choice>
          <choice>Type the first letters of the name from the address book on your phone.</choice>
        </choices>
        <stepresult>The number appears on the screen.</stepresult>
      </step>
      <step>
        <cmd>Press the call button on the screen. <image placement="break" href="../image/press_icon_sm.jpg" id="image_sfh_vkz_gx"/></cmd>
      </step>
    </steps>
    <postreq>When you are finished the call, you can end the call by pressing the red phone
      icon.</postreq>


  </taskbody>
</task>