<?xml version="1.0" encoding="UTF-8"?><!DOCTYPE concept PUBLIC "-//OASIS//DTD DITA Concept//EN" "/SysSchema/dita/dtd/technicalContent/dtd/concept.dtd">
<concept xmlns:ditaarch="http://dita.oasis-open.org/architecture/2005/" id="concept_4235FCBDFE594BF4B3F9041D50710C08" xml:lang="en-US">
  <title>Overview of the handset</title>

  <shortdesc>Become familiar with the handset features by reviewing the
    illustrations.</shortdesc>
  <prolog>
    <metadata>
      <keywords>
        <indexterm>SIM card</indexterm>
        <indexterm>battery</indexterm>
        <indexterm>charger</indexterm>
        <indexterm>screen</indexterm>
        <indexterm>camera</indexterm>
        <indexterm>cover</indexterm>
        <indexterm>memory</indexterm>
        <indexterm>display</indexterm>
        <indexterm>quad band</indexterm>
        <indexterm>micro USB</indexterm>
        <indexterm>headphones</indexterm>
        <indexterm>earbud</indexterm>
        <indexterm>headset</indexterm>
      </keywords>
    </metadata>
  </prolog>

  <conbody>
    <section>
      <title>Bottom and side of the handset</title>
      <p>You can find these features on the bottom and on the sides of the phone: <fig id="fig_yb1_f1v_cr">
          <title>Bottom and side view of the handset</title>
          <image id="image_flj_zh3_qg" scale="75" placement="break" href="../image/sideview.jpg"/>
        </fig><ol id="ol_43A941E5135F4D5F9CF46CCCC31837A6">
          <li id="li_457EADF8904E48138655C1D5F2FE89BC">Micro USB port</li>
          <li id="li_FAD78403643D4CA09B9892155EDE4843">SIM card slot</li>
          <li id="li_0054947B53E94264B4565231F0710EBA">Rear facing camera lens</li>
          <li>Charger connector</li>
          <li>Headphone connector</li>
          <li>Battery release</li>
        </ol>
      </p>
    </section>
  </conbody>
</concept>