<?xml version="1.0" encoding="UTF-8"?><!DOCTYPE reference PUBLIC "-//OASIS//DTD DITA Reference//EN" "/SysSchema/dita/dtd/technicalContent/dtd/reference.dtd">
<reference xmlns:ditaarch="http://dita.oasis-open.org/architecture/2005/" id="xd_8f8668acef73b186-1a257827-1567014dadf--7ff2" xml:lang="en-US">
  <title>Phone 3 Specifications</title>

  <shortdesc><?xm-replace_text Short Description?></shortdesc>
  <prolog>
    <metadata>
      <keywords>
        <indexterm>SIM card</indexterm>
        <indexterm>battery</indexterm>
        <indexterm>charger</indexterm>
        <indexterm>screen</indexterm>
        <indexterm>camera</indexterm>
        <indexterm>cover</indexterm>
        <indexterm>memory</indexterm>
        <indexterm>display</indexterm>
        <indexterm>quad band</indexterm>
        <indexterm>micro USB</indexterm>
        <indexterm>headphones</indexterm>
        <indexterm>earbud</indexterm>
        <indexterm>headset</indexterm>
      </keywords>
    </metadata>
  </prolog>

  <refbody>
    <section>
      <p>
        <table frame="all" id="table_b42_pr4_xw">
          <title>Phone 3</title>
          <tgroup cols="3">
            <colspec colname="c1" colnum="1" colwidth="1.0*"/>
            <colspec colname="c2" colnum="2" colwidth="1.0*"/>
            <colspec colname="c3" colnum="3" colwidth="1.0*"/>
            <tbody>
              <row>
                <entry morerows="2">Body</entry>
                <entry>Dimensions</entry>
                <entry>153 x 73 x 7 mm (6. x 2.85 x 0.27 in)</entry>
              </row>
              <row>
                <entry>Weight</entry>
                <entry>165 g (5.82 oz)</entry>
              </row>
              <row>
                <entry>SIM</entry>
                <entry>Nano-SIM</entry>
              </row>
              <row>
                <entry morerows="3">Display</entry>
                <entry>Size</entry>
                <entry>5.7 inches</entry>
              </row>
              <row>
                <entry>Resolution</entry>
                <entry>1440 x 2560 pixels (approx. 515 ppi pixel density)</entry>
              </row>
              <row>
                <entry>Multitouch</entry>
                <entry>Yes</entry>
              </row>
              <row>
                <entry>Type</entry>
                <entry>Super AMOLED capacitive touchscreen, 16M colors</entry>
              </row>
              <row>
                <entry morerows="1">Memory</entry>
                <entry>Card slot</entry>
                <entry>microSD, up to 256 GB (dedicated slot)</entry>
              </row>
              <row>
                <entry>Internal</entry>
                <entry>64 GB, 4 GB RAM</entry>
              </row>
              <row>
                <entry morerows="3">Camera</entry>
                <entry>Rear facing</entry>
                <entry>12 MP, f/1.7, 26mm, phase detection autofocus, OIS, LED flash</entry>
              </row>
              <row>
                <entry>Features</entry>
                <entry>1/2.5" sensor size, 1.4 µm pixel size, geo-tagging, simultaneous 4K video and
                  9MP image recording, touch focus, face/smile detection, Auto HDR, panorama</entry>
              </row>
              <row>
                <entry>Video</entry>
                <entry>1080p@60fps, 720p@240fps, HDR</entry>
              </row>
              <row>
                <entry>Front facing</entry>
                <entry>5 MP, f/1.7, 22mm, dual video call, Auto HDR</entry>
              </row>
              <row>
                <entry morerows="3">Communication</entry>
                <entry>WLAN</entry>
                <entry>Wi-Fi 802.11 a/b/g/n/ac, dual-band, Wi-Fi Direct, hotspot</entry>
              </row>
              <row>
                <entry>Bluetooth</entry>
                <entry>v4.2, A2DP, EDR, LE</entry>
              </row>
              <row>
                <entry>GPS</entry>
                <entry>Yes, with A-GPS, GLONASS</entry>
              </row>
              <row>
                <entry>USB</entry>
                <entry>v3.1, Type-C 1.0 reversible connector</entry>
              </row>
              <row>
                <entry morerows="2">Battery</entry>
                <entry>Type</entry>
                <entry>Non-removable Li-Po 3500 mAh battery</entry>
              </row>
              <row>
                <entry>Talk time</entry>
                <entry>Up to 38 h (3G)</entry>
              </row>
              <row>
                <entry>Music</entry>
                <entry>Up to 60 h</entry>
              </row>
              <row>
                <entry>Cover</entry>
                <entry>Colors</entry>
                <entry>Gold, Silver, Black</entry>
              </row>
            </tbody>
          </tgroup>
        </table>
      </p>
    </section>
  </refbody>
</reference>