<?xml version="1.0" encoding="UTF-8"?><!DOCTYPE task PUBLIC "-//OASIS//DTD DITA Task//EN" "/SysSchema/dita/dtd/technicalContent/dtd/task.dtd">
<task xmlns:ditaarch="http://dita.oasis-open.org/architecture/2005/" id="xd_8f8668acef73b186-1a257827-1567014dadf--7ff8" xml:lang="en-US">
  <title>Receive a call</title>

  <shortdesc><?xm-replace_text Short Description?>How to receive a call on your phone</shortdesc>
  <prolog>
    <metadata>
      <keywords>
        <indexterm>quad band</indexterm>
      </keywords>
    </metadata>
  </prolog>

  <taskbody>
    <context>The phone is prompting you that you have an incoming call. <image placement="break" href="../image/sound_icon_sm.jpg" id="image_jlh_clz_gx"/></context>
    
    <steps>
      <step>
        <cmd>Press the green phone icon on the screen to receive the call.</cmd>
        <stepresult>You are connected with the caller.</stepresult>
      </step>
    </steps>
    
    
    
  </taskbody>
</task>