<?xml version="1.0" encoding="UTF-8"?><!DOCTYPE task PUBLIC "-//OASIS//DTD DITA Task//EN" "/SysSchema/dita/dtd/technicalContent/dtd/task.dtd">
<task xmlns:ditaarch="http://dita.oasis-open.org/architecture/2005/" id="xd_8f8668acef73b186-1a257827-1567014dadf--7ff6" xml:lang="en-US">
  <title>End a call</title>

  <shortdesc><?xm-replace_text Short Description?>How to end a call or reject a call</shortdesc>
  <prolog>
    <metadata>
      <keywords>
        <indexterm>quad band</indexterm>
      </keywords>
    </metadata>
  </prolog>

  <taskbody>
    <context>You want to end a call, or you want to reject an incoming call.</context>
    
    <steps>
      <step><cmd><?xm-replace_text Step?>Press the red end button on the screen.</cmd>
        
      </step>
    </steps>
    <result>The call is ended.</result>
    
    
    
  </taskbody>
</task>