<?xml version="1.0" encoding="UTF-8"?><!DOCTYPE task PUBLIC "-//OASIS//DTD DITA Task//EN" "/SysSchema/dita/dtd/technicalContent/dtd/task.dtd">
<task xmlns:ditaarch="http://dita.oasis-open.org/architecture/2005/" id="xd_8f8668acef73b186-1a257827-1567014dadf--7ffb" xml:lang="en-US">
  <title>Remove the battery</title>

  <shortdesc><?xm-replace_text Short Description?>How a phone technician can remove the phone
    battery</shortdesc>
  <prolog>
    <metadata>
      <keywords>
        <indexterm>micro USB</indexterm>
      </keywords>
    </metadata>
  </prolog>

  <taskbody>
    <prereq>
      <note type="warning"><ph conref="../reuse/ReUseFrags.xml#ReUseFrags/disconnectWarning"/></note>
      <note type="caution"><ph conref="../reuse/ReUseFrags.xml#ReUseFrags/batteryCaution"/>
      </note>
    </prereq>
    
    <steps>
      <step><cmd><ph conref="../reuse/ReUseFrags.xml#ReUseFrags/backCoverRemove"/></cmd>
        
      </step>
      <step>
        <cmd>Disconnect the battery.</cmd>
      </step>
      <step>
        <cmd>Gently lift the battery out of the phone handset.</cmd>
      </step>
    </steps>
    <postreq>Consult local regulations for the safe disposal of phone batteries. </postreq>
    
    
    
  </taskbody>
</task>