<?xml version="1.0" encoding="UTF-8"?><!DOCTYPE task PUBLIC "-//OASIS//DTD DITA Task//EN" "/SysSchema/dita/dtd/technicalContent/dtd/task.dtd">
<task xmlns:ditaarch="http://dita.oasis-open.org/architecture/2005/" id="xd_8f8668acef73b186-1a257827-1567014dadf--7ff9" xml:lang="en-US">
  <title>replace power button</title>

  <shortdesc><?xm-replace_text Short Description?></shortdesc>

  <taskbody>
    
    <steps>
      <step><cmd><?xm-replace_text Step?></cmd>
        
      </step>
    </steps>
    
    
    
  </taskbody>
</task>