<?xml version="1.0" encoding="UTF-8"?><!DOCTYPE task PUBLIC "-//OASIS//DTD DITA Task//EN" "/SysSchema/dita/dtd/technicalContent/dtd/task.dtd">
<task xmlns:ditaarch="http://dita.oasis-open.org/architecture/2005/" id="xd_b12167d35b5861f9--62ae8912-14c1f7d83e8--7ff9" xml:lang="en-US">
  <title>Reset your phone</title>

  <shortdesc><?xm-replace_text Short Description?> How to reset your phone</shortdesc>

  <taskbody>
    <prereq>The phone battery is charged, or the phone is plugged in to an electrical
      outlet.</prereq>
    <context>You want to reset your phone to the factory settings. <note type="warning">All of your
        personal content will be erased from the phone when you reset it.</note></context>

    <steps>
      <step>
        <cmd><?xm-replace_text Step?>Hold the power button for 10 seconds.<image placement="break" href="../image/press_icon_sm.jpg" id="image_jxy_vmz_gx"/></cmd>
        <stepresult>The Reset prompt appears on the phone screen.</stepresult>

      </step>
      <step>
        <cmd>Press OK if you want to reset the phone.</cmd>
        <choices id="choices_w4y_pps_nt">
          <choice>OK proceeds to reset the phone settings.</choice>
          <choice>Cancel will just power off the phone normally.</choice>
        </choices>
        <stepresult> The phone powers off, and the phone immediately starts up again. The phone will
          prompt you if you wish to upgrade the software.</stepresult>
      </step>
      <step>
        <cmd>Press OK to upgrade the software.</cmd>
      </step>
    </steps>
    <result>Your phone is restarted and reset to the factory default settings. <image placement="break" href="../image/service_icon_sm.jpg" id="image_cr5_ymz_gx"/></result>



  </taskbody>
</task>