<?xml version="1.0" encoding="UTF-8"?><!DOCTYPE task PUBLIC "-//OASIS//DTD DITA Task//EN" "/SysSchema/dita/dtd/technicalContent/dtd/task.dtd">
<task xmlns:ditaarch="http://dita.oasis-open.org/architecture/2005/" id="task_89C39608986547DBB527AADA12BE331C" xml:lang="en-US">
  <title>Retrieve voicemail</title>

  <shortdesc>How to listen to a message on your phone that someone recorded when you missed their
    call </shortdesc>
  <prolog>
    <metadata>
      <keywords>
        <indexterm>voicemail</indexterm>
        <indexterm>headset</indexterm>
      </keywords>
    </metadata>
  </prolog>

  <taskbody>
    <prereq id="prereq_4A0F83C34AF84E9CAD3F6B5CFF25A97C"><p>Your voicemail must be configured with a service provider, a password, and a greeting. </p>
    </prereq>

    <steps id="steps_FF310C9ADBA14E469E49E6AC7ACA6301">
      <step id="step_2647B17CA6B74AC3B0B56B191178FAB2">
        <cmd>On the home screen, press the phone icon.<image placement="break" href="../image/phone_icon_sm.jpg" id="image_zmq_hlz_gx"/></cmd>
      </step>
      <step id="step_9348C235F2714006B5C015D70254C445">
        <cmd>Press the voicemail icon.<image placement="break" href="../image/recording_icon_sm.jpg" id="image_h1b_jlz_gx"/></cmd>
        <stepresult>A voicemail message will appear in the list if a caller left a recorded
          message.</stepresult>
      </step>
      <step>
        <cmd>Select a voicemail message from the list.</cmd>
      </step>
      <step>
        <cmd>Press the Play button. <image placement="break" href="../image/press_icon_sm.jpg" id="image_rr3_rlz_gx"/></cmd>
      </step>
    </steps>
    <result id="result_FD91FEA38DE04F1180EA771A7FEF61F8"><p>You can hear the recorded voicemail message from the speaker or, if they are plugged into the
        headset connector, the <term keyref="earphones"/> .</p></result>

  </taskbody>
</task>