<?xml version="1.0" encoding="UTF-8"?><!DOCTYPE task PUBLIC "-//OASIS//DTD DITA Task//EN" "/SysSchema/dita/dtd/technicalContent/dtd/task.dtd">
<task xmlns:ditaarch="http://dita.oasis-open.org/architecture/2005/" id="xd_1d4ce9524273c6b7--1a62fcbf-156d8df6bb1--7ffb" xml:lang="en-US">
  <title>Screen frozen</title>

  <shortdesc><?xm-replace_text Short Description?>How to unlock a frozen screen</shortdesc>
  <prolog>
    <metadata>
      <keywords>
        <indexterm/>
      </keywords>
    </metadata>
  </prolog>

  <taskbody>
    <context>Your screen is frozen.</context>
    
    <steps>
      <step><cmd><?xm-replace_text Step?>Press the Power button until the phone shuts down.</cmd>
        
      </step>
      <step>
        <cmd>Wait 30 seconds.</cmd>
      </step>
      <step>
        <cmd>Press the power button to turn the phone on.</cmd>
      </step>
    </steps>
    <postreq>If the issue persists, <xref href="mailto:support@phonecompany.com" format="html" scope="external">contact us</xref>.</postreq>
    
    
    
  </taskbody>
</task>