<?xml version="1.0" encoding="UTF-8"?><!DOCTYPE concept PUBLIC "-//OASIS//DTD DITA Concept//EN" "/SysSchema/dita/dtd/technicalContent/dtd/concept.dtd">
<concept xmlns:ditaarch="http://dita.oasis-open.org/architecture/2005/" id="xd_8f8668acef73b186-1a257827-1567014dadf--7ff4" xml:lang="en-US">
  <title>Specifications</title>

  <shortdesc><?xm-replace_text Short Description?>This section contains the specifications for the
    phone.</shortdesc>

  <conbody><p><?xm-replace_text Paragraph?></p></conbody>
</concept>