<?xml version="1.0" encoding="UTF-8"?><!DOCTYPE task PUBLIC "-//OASIS//DTD DITA Task//EN" "/SysSchema/dita/dtd/technicalContent/dtd/task.dtd">
<task xmlns:ditaarch="http://dita.oasis-open.org/architecture/2005/" id="task_791DA46A42DE4D1C8B37805357C2F694" xml:lang="en-US">
  <title>Take a rear-facing photo</title>

  <shortdesc>How to take a photo using the camera on the back of the phone </shortdesc>
  <prolog>
    <metadata>
      <keywords>
        <indexterm>camera</indexterm>
        <indexterm>screen</indexterm>
      </keywords>
    </metadata>
  </prolog>

  <taskbody>
    <prereq>The phone is turned on.</prereq>
    <steps id="steps_465E6C6C668F47DC8E0F385B328E0302"><step id="step_02B559B4E0BD4F7CA0F7F5A25C002A9B"><cmd>Press the camera icon on the screen. <image href="../image/camera_icon_sm.jpg" id="image_ifp_rhx_cx" placement="break"/></cmd><stepresult>The camera becomes activated. </stepresult></step><step id="step_63795A7854B14212977554F4778DE4B4"><cmd>Point the camera lens, which is located at the back of the phone, at the subject. </cmd>
        <info>
          <note type="important">Keep your fingers away from the camera lens.</note>
        </info><stepresult>The image appears on the phone screen.<note>If the phone displays the image from the
            front-facing camera, then press the flip icon to switch to the rear camera.</note>
        </stepresult></step><step id="step_68A25C6D9FE84514B93777B7B0414B91"><cmd>Press the middle of the Select button. <image id="image_lpg_bs3_qg" placement="break" href="../image/press_icon_sm.jpg"/></cmd><stepresult>The photo will automatically be saved to your
          phone.</stepresult></step>
    </steps>
    
    
  </taskbody>
</task>