<?xml version="1.0" encoding="UTF-8"?><!DOCTYPE task PUBLIC "-//OASIS//DTD DITA Task//EN" "/SysSchema/dita/dtd/technicalContent/dtd/task.dtd">
<task xmlns:ditaarch="http://dita.oasis-open.org/architecture/2005/" id="xd_1d4ce9524273c6b7--1a62fcbf-156d8df6bb1--7ffc" xml:lang="en-US">
  <title>Take a front-facing photo</title>

  <shortdesc><?xm-replace_text Short Description?>How to take a selfie photo using the front-facing
    camera on the phone</shortdesc>
  <prolog>
    <metadata>
      <keywords>
        <indexterm>camera</indexterm>
        <indexterm>screen</indexterm>
      </keywords>
    </metadata>
  </prolog>

  <taskbody>
    <prereq>The phone is turned on.</prereq>
    
    <steps>
      <step id="step_02B559B4E0BD4F7CA0F7F5A25C002A9B">
        <cmd>Press the camera icon on the screen. <image href="../image/camera_icon_sm.jpg" id="image_ifp_rhx_cx" placement="break"/></cmd>
        <stepresult>The camera becomes activated. </stepresult>
      </step>
      <step>
        <cmd>Press the flip icon to switch to the front-facing camera.</cmd>
        <stepresult>You can see your image on the phone screen.</stepresult>
      </step>
      <step>
        <cmd>Move the phone to frame your image at the desired angle, height, and distance. </cmd>
      </step>
      <step>
        <cmd>Press the middle of the Select button. <image placement="break" href="../image/press_icon_sm.jpg" id="image_ojv_sgd_dx"/></cmd>
        <stepresult>The photo will automatically be saved to your phone.</stepresult>
      </step>
    </steps>
    
    
    
  </taskbody>
</task>