<?xml version="1.0" encoding="UTF-8"?><!DOCTYPE concept PUBLIC "-//OASIS//DTD DITA Concept//EN" "/SysSchema/dita/dtd/technicalContent/dtd/concept.dtd">
<concept xmlns:ditaarch="http://dita.oasis-open.org/architecture/2005/" id="xd_8f8668acef73b186-1a257827-1567014dadf--7ff1" xml:lang="en-US">
  <title>Troubleshooting</title>

  <shortdesc><?xm-replace_text Short Description?>This section describes how to quickly overcome
    some common issues.</shortdesc>

  <conbody><p><?xm-replace_text Paragraph?></p></conbody>
</concept>