<?xml version="1.0" encoding="UTF-8"?><!DOCTYPE concept PUBLIC "-//OASIS//DTD DITA Concept//EN" "/SysSchema/dita/dtd/technicalContent/dtd/concept.dtd">
<concept xmlns:ditaarch="http://dita.oasis-open.org/architecture/2005/" id="xd_c91ab9e973f25cc1-5e8846fe-14094578072--7fcb" xml:lang="en-US">
  <title>QuickStart WMV - Handset</title>
  <shortdesc><?xm-replace_text Short Description?>A short WMV video will
    help you become familiar with the side and rear view of the handset.</shortdesc>

  <conbody>
    <p><?xm-replace_text Paragraph?><object type="video/x-ms-wmv" height="260" width="320" data="PhonesDemo-WMV.wmv">
        <param name="src" value="PhonesDemo-WMV.wmv"/>
        <param name="autostart" value="true"/>
      </object></p>
  </conbody>
</concept>