<?xml version="1.0" encoding="UTF-8"?><!DOCTYPE concept PUBLIC "-//OASIS//DTD DITA Concept//EN" "/SysSchema/dita/dtd/technicalContent/dtd/concept.dtd">
<concept xmlns:ditaarch="http://dita.oasis-open.org/architecture/2005/" id="xd_c91ab9e973f25cc1-5e8846fe-14094578072--7fcc" xml:lang="en-US">
  <title>QuickStart MP4 Video</title>

  <shortdesc><?xm-replace_text Short Description?>A short MP4 video will
    help you become familiar with the side and rear view of the handset.</shortdesc>

  <conbody><p><?xm-replace_text Paragraph?><object type="video/mp4" height="400" width="800" data="PhonesDemo-MP4.mp4">
        <param name="src" value="PhonesDemo-MP4.mp4"/>
        <param name="autostart" value="true"/>
        <param name="playcount" value="5"/>
        <param name="volume" value="4"/>
      </object></p></conbody>
</concept>