<?xml version="1.0" encoding="UTF-8"?><!DOCTYPE glossentry PUBLIC "-//OASIS//DTD DITA Glossary//EN" "/SysSchema/dita/dtd/technicalContent/dtd/glossary.dtd">
<glossentry xmlns:ditaarch="http://dita.oasis-open.org/architecture/2005/" id="xd_eefe7b19b2a021e0-47f0016b-13cd69a69f1--7ffb" xml:lang="en-US">
    <glossterm><?xm-replace_text Data Definition Language?>charger</glossterm>
    <glossdef><?xm-replace_text Definition text..?> A device that replenishes storage batteries.
    </glossdef>
    <prolog/>
    <glossBody>
        <glossAlt>
            <glossSynonym>charging pad</glossSynonym>
            <glossUsage>A charging pad is a kind of wireless phone charger. The phone receives the
                charge by being placed on top of a mat (charging pad), and the mat is connected to a
                wall socket.   </glossUsage>
        </glossAlt>
    </glossBody>
</glossentry>