<?xml version="1.0" encoding="UTF-8"?><!DOCTYPE glossentry PUBLIC "-//OASIS//DTD DITA Glossary//EN" "/SysSchema/dita/dtd/technicalContent/dtd/glossary.dtd">
<glossentry xmlns:ditaarch="http://dita.oasis-open.org/architecture/2005/" id="xd_c91ab9e973f25cc1-54118089-13dd1d0b952--7fee" xml:lang="en-US">
    <glossterm><?xm-replace_text Data Definition Language?>earbud</glossterm>
    <glossdef><?xm-replace_text Definition text..?>A small loudspeaker that is designed to fit in the
        ear. </glossdef>
    <glossBody>
        <glossPartOfSpeech value="noun"/>
        <glossScopeNote>An earbud is a specific kind of earphone.</glossScopeNote>
    </glossBody>
</glossentry>