<?xml version="1.0" encoding="UTF-8"?><!DOCTYPE glossentry PUBLIC "-//OASIS//DTD DITA Glossary//EN" "/SysSchema/dita/dtd/technicalContent/dtd/glossary.dtd">
<glossentry xmlns:ditaarch="http://dita.oasis-open.org/architecture/2005/" id="xd_c91ab9e973f25cc1-54118089-13dd1d0b952--7ff2" xml:lang="en-US">
    <glossterm><?xm-replace_text Data Definition Language?>headphones</glossterm>
    <glossdef><?xm-replace_text Definition text..?>A pair of small loudspeakers that are designed to be
        held in place over the ears.</glossdef>
    <glossBody>
        <glossPartOfSpeech value="noun"/>
        <glossAlt id="earphones">
            <glossSynonym>cans</glossSynonym>
            <glossUsage>Cans is a
                colloquial, or slang, term for headphones.</glossUsage>
        </glossAlt>
    </glossBody>
</glossentry>