<?xml version="1.0" encoding="UTF-8"?><!DOCTYPE glossentry PUBLIC "-//OASIS//DTD DITA Glossary//EN" "/SysSchema/dita/dtd/technicalContent/dtd/glossary.dtd">
<glossentry xmlns:ditaarch="http://dita.oasis-open.org/architecture/2005/" id="xd_eefe7b19b2a021e0-47f0016b-13cd69a69f1--7ffc" xml:lang="en-US">
    <glossterm><?xm-replace_text Data Definition Language?>micro USB</glossterm>
    <glossdef> Universal Serial Bus
        (USB) is an industry standard developed in the mid-1990s that defines the cables, connectors
        and communications protocols used in a bus for connection, communication and power supply
        between computers and electronic devices. A <b>Micro USB</b>
        is<?xm-replace_text Definition text..?> used for smaller devices such as smart phones or
        digital cameras. </glossdef>
    <prolog/>
    <glossBody>
        <glossSurfaceForm>Micro Universal
            Serial Bus (USB)</glossSurfaceForm>
    </glossBody>
</glossentry>