<?xml version="1.0" encoding="UTF-8"?><!DOCTYPE glossentry PUBLIC "-//OASIS//DTD DITA Glossary//EN" "/SysSchema/dita/dtd/technicalContent/dtd/glossary.dtd">
<glossentry xmlns:ditaarch="http://dita.oasis-open.org/architecture/2005/" id="xd_c91ab9e973f25cc1-54118089-13dd1d0b952--7ff1" xml:lang="en-US">
    <glossterm><?xm-replace_text Data Definition Language?>phone screen</glossterm>
    <glossdef><?xm-replace_text Definition text..?>The area on the phone where electronic images are
        displayed. </glossdef>
    <glossBody>
        <glossPartOfSpeech value="noun"/>
        <glossScopeNote>A <term keyref="touch_screen">touch screen</term> is a specific kind of
            phone screen.</glossScopeNote>
        <glossAlt>
            <glossSynonym>phone display</glossSynonym>
            <glossUsage>The phone screen can also be referred to as the "phone
                display."</glossUsage>
        </glossAlt>
    </glossBody>
</glossentry>