<?xml version="1.0" encoding="UTF-8"?><!DOCTYPE glossentry PUBLIC "-//OASIS//DTD DITA Glossary//EN" "/SysSchema/dita/dtd/technicalContent/dtd/glossary.dtd">
<glossentry xmlns:ditaarch="http://dita.oasis-open.org/architecture/2005/" id="xd_eefe7b19b2a021e0-47f0016b-13cd69a69f1--7ffd" xml:lang="en-US">
    <glossterm><?xm-replace_text Data Definition Language?>SIM card</glossterm>
    <glossdef>
        <?xm-replace_text Definition text..?>
        <p>A <i>Subscriber Identity Module</i> (SIM)
            is an integrated circuit that securely stores the international mobile subscriber
            identity (IMSI) and the related key used to identify and authenticate subscribers on
            mobile telephony devices (such as mobile phones and computers). A SIM is embedded into a
            removable <b>SIM card</b>, which can be transferred between
            different mobile devices.</p>
    </glossdef>
    <prolog>
        <metadata/>
    </prolog>
    <glossBody>
        <glossSurfaceForm>Subscriber
            Identity Module (SIM) card</glossSurfaceForm>
        <glossAlt>
            <glossAcronym>SIM
                card</glossAcronym>
            <glossUsage>The acronym is more
                common than the expanded form, and with the popularity of digital camera and cell
                phones, the acronym coupled with the word "card" is used more frequently than the
                acronym alone.</glossUsage>
        </glossAlt>
        <glossAlt>
            <glossSynonym>smart card</glossSynonym>
            <glossUsage>A SIM card is a kind of smart card, a card that is embedded with a
                chip.</glossUsage>
        </glossAlt>
    </glossBody>
</glossentry>