<?xml version="1.0" encoding="UTF-8"?><!DOCTYPE glossentry PUBLIC "-//OASIS//DTD DITA Glossary//EN" "/SysSchema/dita/dtd/technicalContent/dtd/glossary.dtd">
<glossentry xmlns:ditaarch="http://dita.oasis-open.org/architecture/2005/" id="xd_c91ab9e973f25cc1-54118089-13dd1d0b952--7fef" xml:lang="en-US">
    <glossterm><?xm-replace_text Data Definition Language?>touch screen</glossterm>
    <glossdef><?xm-replace_text Definition text..?>An electronic display that can respond to touch from a
        finger or a stylus.</glossdef>
    <glossBody>
        <glossPartOfSpeech value="noun"/>
        <glossScopeNote>A touch screen
            is a kind of phone screen that doesn't require a keypad. Numbers, letters, and other
            information can be typed directly on the phone screen.</glossScopeNote>
    </glossBody>
</glossentry>