<?xml version="1.0" encoding="UTF-8"?><!DOCTYPE glossentry PUBLIC "-//OASIS//DTD DITA Glossary//EN" "/SysSchema/dita/dtd/technicalContent/dtd/glossary.dtd">
<glossentry xmlns:ditaarch="http://dita.oasis-open.org/architecture/2005/" id="ge_VoiceMail" xml:lang="en-US">
    <glossterm><?xm-replace_text Data Definition Language?>voice mail</glossterm>
    <glossdef><?xm-replace_text Definition text..?>Voice mail is a feature where a caller can leave a
        recorded message for you if you miss the call.</glossdef>
    <glossBody>
        <glossAlt>
            <glossSynonym>voice
                message</glossSynonym>
        </glossAlt>
    </glossBody>
</glossentry>