<?xml version="1.0" encoding="UTF-8"?><!DOCTYPE topic PUBLIC "-//OASIS//DTD DITA Composite//EN" "/SysSchema/dita/dtd/technicalContent/dtd/ditabase.dtd">
<topic xmlns:ditaarch="http://dita.oasis-open.org/architecture/2005/" id="ReUseFrags" xml:lang="en-US">
   <title>Reusable content</title>
   <shortdesc>This file is where we keep content items that are reused in the phones
      content.</shortdesc>
   <body>
      <p id="LMCo">The content elements below are inserted in topics. This is where the reusable
         content is created, edited, and stored.</p>
      <p>To use one of these content elements in a topic, open the topic in the XML editor, and
         insert a conref to the element in this file. </p>
      <section id="section_5ADCE7FDAC80413D923E99BE03F9223D">
         <title>Legal</title>
         <p>Use these "ph" elements for commonly used phrases.</p>
         <dl>
            <dlentry>
               <dt>Back cover remove</dt>
               <dd><ph id="backCoverRemove"><?xm-replace_text Step?>Use a suction pad tool to gently
                     remove the back cover from the phone handset.</ph></dd>
            </dlentry>
            <dlentry>
               <dt>Battery context</dt>
               <dd><ph id="batteryContext">You are a trained phone technician, and you must remove
                     the phone battery in order to repair the phone or to insert a new
                  battery.</ph></dd>
            </dlentry>
            <dlentry>
               <dt>Battery caution</dt>
               <dd><ph id="batteryCaution">If the battery is not properly removed or inserted, you
                     may cause damage to the battery or the device or you may cause personal
                     injury!</ph></dd>
            </dlentry>
            <dlentry>
               <dt>Charger warning</dt>
               <dd><ph id="chargerWarning">To avoid damaging your phone and invalidating the
                     warranty, only use approved chargers, batteries, and cables!</ph></dd>
            </dlentry>
            <dlentry>
               <dt>Disconnect before service warning</dt>
               <dd><ph id="disconnectWarning">Ensure the phone is disconnected from the micro USB
                     cable and any wireless charging device before servicing. </ph></dd>
            </dlentry>
            <dlentry>
               <dt>Nano-SIM card warning</dt>
               <dd><ph id="nanoSIMOnly">Use nano-SIM cards only.</ph></dd>
            </dlentry>
            <dlentry>
               <dt>Sound volume warning</dt>
               <dd><ph id="soundWarning">Exposure to high volume sounds can damage your hearing.
                     Listen to music at moderate volume levels.</ph></dd>
            </dlentry>
         </dl>
      </section>
   </body>
</topic>